place_id,name,latitude,longitude,categories,cuisine,stars,review_count,is_open,quiet_study_score,date_night_score,cheap_value_score,hidden_gem_score,authentic_score,service_speed_score,group_friendly_score,food_quality_score,dessert_drinks_score,late_night_score,comfort_cozy_score,crowding_noise_score,study_work_suitability_score,value_satisfaction_score,service_warmth_score,special_excitement_score,confidence_score,popularity_score,hidden_gem_adjusted_score,place_embedding_available,evidence_snippets_json
pl_demo_001,Harbour Quiet Coffee,49.2631,-123.2492,Cafes; Coffee & Tea,Coffee,4.5,184,1,0.1190231419373676,0.0,0.0,0.0,0.0,0.0,0.0,0.0,0.1190231419373676,0.0,0.1190231419373676,0.0595115709686838,0.1190231419373676,0.0,0.0,0.0,0.2380462838747353,0.587284101080914,0.0,False,"{""quiet_study"": [""Quiet place to study with calm music, lots of seating, good coffee, and outlets near most tables."", ""I brought my laptop and worked for two hours without feeling rushed."", ""The wifi was steady and it was not crowded in the afternoon.""], ""date_night"": [], ""cheap_value"": [], ""hidden_gem"": [""The wifi was steady and it was not crowded in the afternoon.""], ""authentic"": [], ""service_speed"": [], ""group_friendly"": [], ""food_quality"": [], ""dessert_drinks"": [""Quiet place to study with calm music, lots of seating, good coffee, and outlets near most tables."", ""The wifi was steady and it was not crowded in the afternoon.""], ""late_night"": [], ""comfort_cozy"": [""Quiet place to study with calm music, lots of seating, good coffee, and outlets near most tables.""], ""crowding_noise"": [""I brought my laptop and worked for two hours without feeling rushed."", ""The wifi was steady and it was not crowded in the afternoon.""], ""study_work_suitability"": [""Quiet place to study with calm music, lots of seating, good coffee, and outlets near most tables."", ""I brought my laptop and worked for two hours without feeling rushed."", ""The wifi was steady and it was not crowded in the afternoon.""], ""value_satisfaction"": [], ""service_warmth"": [], ""special_excitement"": []}"
pl_demo_002,Kits Date Table,49.2688,-123.1665,Restaurants; Wine Bars,Italian,4.4,221,1,0.0,0.1785347129060515,0.0,0.0,0.0,0.1785347129060515,0.0,0.1190231419373676,0.0,0.0,0.1190231419373676,0.0,0.0,0.0,0.1190231419373676,0.0595115709686838,0.2380462838747353,0.5539059080483815,0.0,False,"{""quiet_study"": [], ""date_night"": [""Cute cozy date spot with warm lighting, good wine, and a romantic little room in the back."", ""It feels more like a special occasion place than a quick lunch.""], ""cheap_value"": [], ""hidden_gem"": [], ""authentic"": [], ""service_speed"": [""The service was attentive and the pasta tasted fresh."", ""It feels more like a special occasion place than a quick lunch.""], ""group_friendly"": [], ""food_quality"": [""The service was attentive and the pasta tasted fresh.""], ""dessert_drinks"": [], ""late_night"": [], ""comfort_cozy"": [""Cute cozy date spot with warm lighting, good wine, and a romantic little room in the back.""], ""crowding_noise"": [], ""study_work_suitability"": [], ""value_satisfaction"": [], ""service_warmth"": [""The service was attentive and the pasta tasted fresh.""], ""special_excitement"": [""It feels more like a special occasion place than a quick lunch.""]}"
pl_demo_003,Mount Pleasant Noodles,49.2635,-123.1003,Restaurants; Cheap Eats,Vietnamese,4.6,143,1,0.0,0.0,0.2380462838747353,0.0,0.0,0.2380462838747353,0.0,0.2380462838747353,0.0,0.0,0.0,0.1190231419373676,0.0,0.2380462838747353,0.0,0.0,0.2380462838747353,0.6050882718165531,0.0,False,"{""quiet_study"": [], ""date_night"": [], ""cheap_value"": [""Affordable bowls with big portions."", ""It is filling, tasty, and worth it for students on a budget.""], ""hidden_gem"": [], ""authentic"": [], ""service_speed"": [""The line moves fast and the broth is delicious."", ""A great quick lunch if you are in Mount Pleasant.""], ""group_friendly"": [], ""food_quality"": [""It is filling, tasty, and worth it for students on a budget."", ""The line moves fast and the broth is delicious.""], ""dessert_drinks"": [], ""late_night"": [], ""comfort_cozy"": [], ""crowding_noise"": [""The line moves fast and the broth is delicious.""], ""study_work_suitability"": [], ""value_satisfaction"": [""Affordable bowls with big portions."", ""It is filling, tasty, and worth it for students on a budget.""], ""service_warmth"": [], ""special_excitement"": []}"
pl_demo_004,Late Lantern Eats,49.2794,-123.1187,Restaurants; Late Night,Korean,4.1,310,1,0.0,0.0,0.0,0.0,0.0,0.1785347129060515,0.0,0.0595115709686838,0.0,0.1785347129060515,0.0,0.1785347129060515,0.0,0.0,0.1785347129060515,0.0,0.2380462838747353,0.4058653075560788,0.0,False,"{""quiet_study"": [], ""date_night"": [], ""cheap_value"": [], ""hidden_gem"": [], ""authentic"": [], ""service_speed"": [""Open late after midnight with quick service."", ""Staff were friendly even with a long queue.""], ""group_friendly"": [], ""food_quality"": [""It gets loud, but the spicy chicken is fresh and satisfying.""], ""dessert_drinks"": [], ""late_night"": [""Open late after midnight with quick service."", ""Good late night food when everything else is closed.""], ""comfort_cozy"": [], ""crowding_noise"": [""It gets loud, but the spicy chicken is fresh and satisfying."", ""Staff were friendly even with a long queue.""], ""study_work_suitability"": [], ""value_satisfaction"": [], ""service_warmth"": [""Open late after midnight with quick service."", ""Staff were friendly even with a long queue.""], ""special_excitement"": []}"
pl_demo_005,Matcha Alley,49.2824,-123.1194,Cafes; Desserts,Japanese,4.3,168,1,0.0595115709686838,0.0595115709686838,0.0,0.0,0.0,0.0,0.0,0.0595115709686838,0.1586975225831569,0.0,0.0,0.0,0.0595115709686838,0.0,0.0,0.0,0.2380462838747353,0.4166338365487188,0.0,False,"{""quiet_study"": [""Seating is limited, so it is better for drinks than studying.""], ""date_night"": [""Cute vibe and rich matcha flavour.""], ""cheap_value"": [], ""hidden_gem"": [], ""authentic"": [], ""service_speed"": [], ""group_friendly"": [], ""food_quality"": [""Cute vibe and rich matcha flavour.""], ""dessert_drinks"": [""Excellent matcha latte, soft cake, and delicate pastries."", ""A sweet dessert stop for cafe hopping downtown."", ""Cute vibe and rich matcha flavour.""], ""late_night"": [], ""comfort_cozy"": [], ""crowding_noise"": [], ""study_work_suitability"": [""Seating is limited, so it is better for drinks than studying.""], ""value_satisfaction"": [], ""service_warmth"": [], ""special_excitement"": []}"
pl_demo_006,Richmond Family Dumplings,49.1702,-123.1341,Restaurants; Chinese,Chinese,4.7,420,1,0.0,0.0,0.0595115709686838,0.0,0.1586975225831569,0.0,0.1586975225831569,0.0,0.0,0.0,0.0,0.0,0.0,0.0595115709686838,0.0,0.0,0.2380462838747353,0.9250000000000004,0.0,False,"{""quiet_study"": [], ""date_night"": [], ""cheap_value"": [""The noodles remind me of homemade food and the portions are generous.""], ""hidden_gem"": [], ""authentic"": [""Family-run dumpling place with traditional flavours."", ""The noodles remind me of homemade food and the portions are generous."", ""Authentic, legit, and great for family sharing.""], ""service_speed"": [], ""group_friendly"": [""Family-run dumpling place with traditional flavours."", ""Authentic, legit, and great for family sharing."", ""Large tables make it easy for groups.""], ""food_quality"": [], ""dessert_drinks"": [], ""late_night"": [], ""comfort_cozy"": [], ""crowding_noise"": [], ""study_work_suitability"": [], ""value_satisfaction"": [""The noodles remind me of homemade food and the portions are generous.""], ""service_warmth"": [], ""special_excitement"": []}"
pl_demo_007,Campus Plug Cafe,49.2607,-123.2449,Cafes; Coffee & Tea,Coffee,4.2,96,1,0.1190231419373676,0.0,0.0595115709686838,0.0,0.0,0.0,0.0,0.0,0.0595115709686838,0.0,0.0595115709686838,0.0595115709686838,0.1190231419373676,0.0,0.0,0.0,0.2380462838747353,0.2148911890949122,0.0,False,"{""quiet_study"": [""Campus cafe with plugs, wifi, laptop seating, and students studying quietly between classes."", ""Morning is peaceful for work.""], ""date_night"": [], ""cheap_value"": [""Campus cafe with plugs, wifi, laptop seating, and students studying quietly between classes.""], ""hidden_gem"": [], ""authentic"": [], ""service_speed"": [], ""group_friendly"": [], ""food_quality"": [], ""dessert_drinks"": [""Good coffee near UBC, but it can get crowded after lectures.""], ""late_night"": [], ""comfort_cozy"": [""Morning is peaceful for work.""], ""crowding_noise"": [""Good coffee near UBC, but it can get crowded after lectures.""], ""study_work_suitability"": [""Campus cafe with plugs, wifi, laptop seating, and students studying quietly between classes."", ""Morning is peaceful for work.""], ""value_satisfaction"": [], ""service_warmth"": [], ""special_excitement"": []}"
pl_demo_008,Granville Quick Lunch,49.2815,-123.1215,Fast Food; Food,Canadian,4.0,264,1,0.0,0.0,0.1983719032289461,0.0,0.0,0.1983719032289461,0.0,0.0,0.0,0.0,0.0,0.0,0.0,0.1983719032289461,0.2380462838747353,0.0,0.2380462838747353,0.294324840299804,0.0,False,"{""quiet_study"": [], ""date_night"": [], ""cheap_value"": [""Fast counter service and reasonable lunch combos."", ""Useful when you need a quick filling meal downtown."", ""Not fancy, but the staff are friendly and the portions are worth the price.""], ""hidden_gem"": [], ""authentic"": [], ""service_speed"": [""Fast counter service and reasonable lunch combos."", ""Useful when you need a quick filling meal downtown."", ""Not fancy, but the staff are friendly and the portions are worth the price.""], ""group_friendly"": [], ""food_quality"": [], ""dessert_drinks"": [], ""late_night"": [], ""comfort_cozy"": [], ""crowding_noise"": [], ""study_work_suitability"": [], ""value_satisfaction"": [""Fast counter service and reasonable lunch combos."", ""Useful when you need a quick filling meal downtown."", ""Not fancy, but the staff are friendly and the portions are worth the price.""], ""service_warmth"": [""Fast counter service and reasonable lunch combos."", ""Not fancy, but the staff are friendly and the portions are worth the price.""], ""special_excitement"": []}"
pl_demo_009,Hidden Ramen Counter,49.2505,-123.1012,Restaurants; Ramen,Japanese,4.8,82,1,0.0,0.0,0.0,0.0892673564530257,0.0595115709686838,0.0,0.0,0.0595115709686838,0.0,0.0,0.0,0.0,0.0,0.0,0.0,0.0,0.2380462838747353,0.6293078680900508,0.0145634411146943,False,"{""quiet_study"": [""Not crowded, but there are only a few seats.""], ""date_night"": [], ""cheap_value"": [], ""hidden_gem"": [""Tiny hidden gem ramen counter tucked away off the main street."", ""The broth is rich and the place feels underrated."", ""Small local favorite with legit noodles.""], ""authentic"": [""Small local favorite with legit noodles.""], ""service_speed"": [], ""group_friendly"": [], ""food_quality"": [""The broth is rich and the place feels underrated.""], ""dessert_drinks"": [], ""late_night"": [], ""comfort_cozy"": [], ""crowding_noise"": [""Not crowded, but there are only a few seats.""], ""study_work_suitability"": [], ""value_satisfaction"": [], ""service_warmth"": [], ""special_excitement"": []}"
pl_demo_010,Big Table Social,49.2667,-123.1067,Restaurants; Group Dining,Middle Eastern,4.3,190,1,0.0,0.0,0.0,0.0,0.0,0.0,0.1190231419373676,0.0,0.0,0.0,0.0,0.0,0.0,0.0,0.0,0.0,0.2380462838747353,0.4445705039230768,0.0,False,"{""quiet_study"": [""Service can be slow on weekends, but it is spacious and easy for a family dinner.""], ""date_night"": [], ""cheap_value"": [], ""hidden_gem"": [], ""authentic"": [""Service can be slow on weekends, but it is spacious and easy for a family dinner.""], ""service_speed"": [""Service can be slow on weekends, but it is spacious and easy for a family dinner.""], ""group_friendly"": [""Great for groups because they have big tables, reservations, and sharing plates for friends."", ""Service can be slow on weekends, but it is spacious and easy for a family dinner.""], ""food_quality"": [], ""dessert_drinks"": [], ""late_night"": [], ""comfort_cozy"": [], ""crowding_noise"": [], ""study_work_suitability"": [], ""value_satisfaction"": [], ""service_warmth"": [""Service can be slow on weekends, but it is spacious and easy for a family dinner.""], ""special_excitement"": []}"
pl_demo_011,Cozy Rain Bakery,49.2762,-123.0695,Bakeries; Desserts,French,4.5,132,1,0.1983719032289461,0.1190231419373676,0.0,0.0,0.0,0.0,0.0,0.2380462838747353,0.2380462838747353,0.0,0.1983719032289461,0.0,0.1190231419373676,0.0,0.0,0.0,0.2380462838747353,0.511947562297086,0.0,False,"{""quiet_study"": [""Fresh croissants, sweet pastries, and calm seating by the window."", ""It is cozy but not a full laptop cafe."", ""The bakery feels peaceful on rainy mornings.""], ""date_night"": [""It is cozy but not a full laptop cafe.""], ""cheap_value"": [], ""hidden_gem"": [], ""authentic"": [], ""service_speed"": [], ""group_friendly"": [], ""food_quality"": [""Fresh croissants, sweet pastries, and calm seating by the window."", ""Dessert is delicious and the coffee is good.""], ""dessert_drinks"": [""Fresh croissants, sweet pastries, and calm seating by the window."", ""Dessert is delicious and the coffee is good.""], ""late_night"": [], ""comfort_cozy"": [""Fresh croissants, sweet pastries, and calm seating by the window."", ""It is cozy but not a full laptop cafe."", ""The bakery feels peaceful on rainy mornings.""], ""crowding_noise"": [], ""study_work_suitability"": [""It is cozy but not a full laptop cafe.""], ""value_satisfaction"": [], ""service_warmth"": [], ""special_excitement"": []}"
pl_demo_012,Student Bowl House,49.2677,-123.2522,Restaurants; Food,Korean,4.1,72,1,0.1190231419373676,0.0,0.1983719032289461,0.0,0.0,0.2380462838747353,0.0,0.0,0.0,0.0,0.0,0.0,0.1190231419373676,0.1983719032289461,0.1190231419373676,0.0,0.2380462838747353,0.0749999999999997,0.0,False,"{""quiet_study"": [""The room is casual and works well for a fast lunch.""], ""date_night"": [], ""cheap_value"": [""Cheap student bowls near campus with generous portions."", ""It is quick, filling, and budget friendly."", ""Good value Korean food near UBC.""], ""hidden_gem"": [], ""authentic"": [], ""service_speed"": [""It is quick, filling, and budget friendly."", ""The room is casual and works well for a fast lunch.""], ""group_friendly"": [], ""food_quality"": [], ""dessert_drinks"": [], ""late_night"": [], ""comfort_cozy"": [], ""crowding_noise"": [], ""study_work_suitability"": [""The room is casual and works well for a fast lunch.""], ""value_satisfaction"": [""Cheap student bowls near campus with generous portions."", ""It is quick, filling, and budget friendly."", ""Good value Korean food near UBC.""], ""service_warmth"": [""It is quick, filling, and budget friendly.""], ""special_excitement"": []}"
pl_demo_013,Robson Sushi Room,49.2877,-123.1281,Restaurants; Sushi,Japanese,4.4,256,1,0.1785347129060515,0.0595115709686838,0.1190231419373676,0.0,0.0,0.1983719032289461,0.0,0.2380462838747353,0.0,0.0,0.1190231419373676,0.1190231419373676,0.0595115709686838,0.1190231419373676,0.1190231419373676,0.0,0.2380462838747353,0.5873269618428851,0.0,False,"{""quiet_study"": [""Fresh sushi downtown with friendly service and a calm counter."", ""It works for a quick lunch or a casual date.""], ""date_night"": [""It works for a quick lunch or a casual date.""], ""cheap_value"": [""Not cheap, but the lunch set is worth it.""], ""hidden_gem"": [], ""authentic"": [], ""service_speed"": [""Fresh sushi downtown with friendly service and a calm counter."", ""It works for a quick lunch or a casual date."", ""The fish tastes fresh and the line moves fast.""], ""group_friendly"": [], ""food_quality"": [""Fresh sushi downtown with friendly service and a calm counter."", ""The fish tastes fresh and the line moves fast.""], ""dessert_drinks"": [], ""late_night"": [], ""comfort_cozy"": [""Fresh sushi downtown with friendly service and a calm counter.""], ""crowding_noise"": [""The fish tastes fresh and the line moves fast.""], ""study_work_suitability"": [""It works for a quick lunch or a casual date.""], ""value_satisfaction"": [""Not cheap, but the lunch set is worth it.""], ""service_warmth"": [""Fresh sushi downtown with friendly service and a calm counter.""], ""special_excitement"": []}"
pl_demo_014,Kerrisdale Ramen Bar,49.2342,-123.1554,Restaurants; Ramen,Japanese,4.3,118,1,0.1190231419373676,0.0,0.1190231419373676,0.0,0.0595115709686838,0.1190231419373676,0.0,0.0595115709686838,0.0,0.0,0.1190231419373676,0.0,0.0,0.1190231419373676,0.1190231419373676,0.0,0.2380462838747353,0.3365560946297519,0.0,False,"{""quiet_study"": [""Affordable bowls, quick service, and warm seating make it useful for a rainy day lunch.""], ""date_night"": [], ""cheap_value"": [""Affordable bowls, quick service, and warm seating make it useful for a rainy day lunch.""], ""hidden_gem"": [""It feels like a local favorite and is not too crowded.""], ""authentic"": [""Small ramen bar with rich broth and legit noodles.""], ""service_speed"": [""Affordable bowls, quick service, and warm seating make it useful for a rainy day lunch.""], ""group_friendly"": [], ""food_quality"": [""Small ramen bar with rich broth and legit noodles.""], ""dessert_drinks"": [], ""late_night"": [], ""comfort_cozy"": [""Affordable bowls, quick service, and warm seating make it useful for a rainy day lunch.""], ""crowding_noise"": [""It feels like a local favorite and is not too crowded.""], ""study_work_suitability"": [], ""value_satisfaction"": [""Affordable bowls, quick service, and warm seating make it useful for a rainy day lunch.""], ""service_warmth"": [""Affordable bowls, quick service, and warm seating make it useful for a rainy day lunch.""], ""special_excitement"": []}"
pl_demo_015,Main Street Izakaya,49.2579,-123.1008,Restaurants; Japanese,Japanese,4.5,204,1,0.0595115709686838,0.1983719032289461,0.0,0.0,0.0,0.1190231419373676,0.1785347129060515,0.1190231419373676,0.0,0.0,0.1190231419373676,0.0,0.0595115709686838,0.0,0.1190231419373676,0.0,0.2380462838747353,0.6107188032622148,0.0,False,"{""quiet_study"": [""Better for friends or a date than studying.""], ""date_night"": [""Cozy izakaya with cocktails, warm lighting, and sharing plates."", ""Great date-night vibe."", ""Better for friends or a date than studying.""], ""cheap_value"": [], ""hidden_gem"": [], ""authentic"": [], ""service_speed"": [""The service is attentive and the skewers are delicious.""], ""group_friendly"": [""Cozy izakaya with cocktails, warm lighting, and sharing plates."", ""Better for friends or a date than studying.""], ""food_quality"": [""The service is attentive and the skewers are delicious.""], ""dessert_drinks"": [], ""late_night"": [], ""comfort_cozy"": [""Cozy izakaya with cocktails, warm lighting, and sharing plates.""], ""crowding_noise"": [], ""study_work_suitability"": [""Better for friends or a date than studying.""], ""value_satisfaction"": [], ""service_warmth"": [""The service is attentive and the skewers are delicious.""], ""special_excitement"": []}"
pl_demo_016,West End Matcha Lab,49.2869,-123.1367,Cafes; Desserts; Coffee & Tea,Japanese,4.6,147,1,0.1785347129060515,0.0,0.0,0.0,0.0,0.0,0.0,0.0,0.1983719032289461,0.0,0.1190231419373676,0.0,0.1785347129060515,0.0,0.0,0.0,0.2380462838747353,0.6113431263429057,0.0,False,"{""quiet_study"": [""Quiet matcha cafe with outlets along the wall, good wifi, and peaceful seating in the afternoon."", ""A strong dessert stop that also works for laptop time.""], ""date_night"": [], ""cheap_value"": [], ""hidden_gem"": [], ""authentic"": [], ""service_speed"": [], ""group_friendly"": [], ""food_quality"": [], ""dessert_drinks"": [""Quiet matcha cafe with outlets along the wall, good wifi, and peaceful seating in the afternoon."", ""Excellent matcha latte, cake, and pastries."", ""A strong dessert stop that also works for laptop time.""], ""late_night"": [], ""comfort_cozy"": [""Quiet matcha cafe with outlets along the wall, good wifi, and peaceful seating in the afternoon.""], ""crowding_noise"": [], ""study_work_suitability"": [""Quiet matcha cafe with outlets along the wall, good wifi, and peaceful seating in the afternoon."", ""A strong dessert stop that also works for laptop time.""], ""value_satisfaction"": [], ""service_warmth"": [], ""special_excitement"": []}"
pl_demo_017,Chinatown Dumpling House,49.2804,-123.1006,Restaurants; Chinese,Chinese,4.5,330,1,0.0,0.0,0.0595115709686838,0.0,0.1586975225831569,0.1190231419373676,0.1785347129060515,0.0,0.0,0.0,0.0,0.0,0.0,0.0595115709686838,0.1190231419373676,0.0,0.2380462838747353,0.7200934572274297,0.0,False,"{""quiet_study"": [], ""date_night"": [], ""cheap_value"": [""Traditional dumplings in Chinatown with big portions and family-style sharing.""], ""hidden_gem"": [], ""authentic"": [""Traditional dumplings in Chinatown with big portions and family-style sharing."", ""The food tastes homemade."", ""Authentic Chinese comfort food, friendly staff, and large tables for groups.""], ""service_speed"": [""Authentic Chinese comfort food, friendly staff, and large tables for groups.""], ""group_friendly"": [""Traditional dumplings in Chinatown with big portions and family-style sharing."", ""Authentic Chinese comfort food, friendly staff, and large tables for groups.""], ""food_quality"": [], ""dessert_drinks"": [], ""late_night"": [], ""comfort_cozy"": [], ""crowding_noise"": [], ""study_work_suitability"": [], ""value_satisfaction"": [""Traditional dumplings in Chinatown with big portions and family-style sharing.""], ""service_warmth"": [""Authentic Chinese comfort food, friendly staff, and large tables for groups.""], ""special_excitement"": []}"
pl_demo_018,Commercial Drive Noodle Cafe,49.2689,-123.0697,Restaurants; Chinese; Cheap Eats,Chinese,4.2,101,1,0.0,0.0,0.1983719032289461,0.0,0.0,0.2380462838747353,0.0,0.0595115709686838,0.0,0.0,0.0,0.0,0.0,0.1785347129060515,0.1190231419373676,0.0,0.2380462838747353,0.2263653582599169,0.0,False,"{""quiet_study"": [], ""date_night"": [], ""cheap_value"": [""Cheap noodle cafe with filling portions and fast service."", ""Good for students and quick lunch."", ""Not fancy, but the soup is tasty and the price is reasonable.""], ""hidden_gem"": [], ""authentic"": [], ""service_speed"": [""Cheap noodle cafe with filling portions and fast service."", ""Good for students and quick lunch.""], ""group_friendly"": [], ""food_quality"": [""Not fancy, but the soup is tasty and the price is reasonable.""], ""dessert_drinks"": [], ""late_night"": [], ""comfort_cozy"": [], ""crowding_noise"": [], ""study_work_suitability"": [], ""value_satisfaction"": [""Cheap noodle cafe with filling portions and fast service."", ""Not fancy, but the soup is tasty and the price is reasonable.""], ""service_warmth"": [""Cheap noodle cafe with filling portions and fast service.""], ""special_excitement"": []}"
pl_demo_019,Richmond Clay Pot Kitchen,49.1794,-123.1361,Restaurants; Chinese,Chinese,4.6,289,1,0.0,0.0,0.0595115709686838,0.0,0.1785347129060515,0.1190231419373676,0.1785347129060515,0.0,0.0,0.0,0.0,0.1190231419373676,0.0,0.0595115709686838,0.1190231419373676,0.0,0.2380462838747353,0.764905245727356,0.0,False,"{""quiet_study"": [], ""date_night"": [], ""cheap_value"": [""Family-run clay pot kitchen with traditional flavours and generous portions.""], ""hidden_gem"": [], ""authentic"": [""Family-run clay pot kitchen with traditional flavours and generous portions."", ""The restaurant is busy, but service is quick and the food feels authentic.""], ""service_speed"": [""The restaurant is busy, but service is quick and the food feels authentic.""], ""group_friendly"": [""Family-run clay pot kitchen with traditional flavours and generous portions."", ""Great for sharing.""], ""food_quality"": [], ""dessert_drinks"": [], ""late_night"": [], ""comfort_cozy"": [], ""crowding_noise"": [""The restaurant is busy, but service is quick and the food feels authentic.""], ""study_work_suitability"": [], ""value_satisfaction"": [""Family-run clay pot kitchen with traditional flavours and generous portions.""], ""service_warmth"": [""The restaurant is busy, but service is quick and the food feels authentic.""], ""special_excitement"": []}"
pl_demo_020,UBC Bento Corner,49.2651,-123.2484,Restaurants; Japanese; Quick Lunch,Japanese,4.1,88,1,0.1190231419373676,0.0,0.1190231419373676,0.0,0.0,0.2380462838747353,0.0,0.0,0.0,0.0,0.0,0.0,0.0,0.1190231419373676,0.1190231419373676,0.0,0.2380462838747353,0.120241396639894,0.0,False,"{""quiet_study"": [""Seating is casual and turnover is fast.""], ""date_night"": [], ""cheap_value"": [""Convenient bento near UBC with fast service, student prices, and filling portions.""], ""hidden_gem"": [], ""authentic"": [], ""service_speed"": [""Convenient bento near UBC with fast service, student prices, and filling portions."", ""Good quick lunch between classes."", ""Seating is casual and turnover is fast.""], ""group_friendly"": [], ""food_quality"": [], ""dessert_drinks"": [], ""late_night"": [], ""comfort_cozy"": [], ""crowding_noise"": [], ""study_work_suitability"": [], ""value_satisfaction"": [""Convenient bento near UBC with fast service, student prices, and filling portions.""], ""service_warmth"": [""Convenient bento near UBC with fast service, student prices, and filling portions.""], ""special_excitement"": []}"
pl_demo_021,Broadway Hong Kong Cafe,49.2639,-123.1175,Cafes; Restaurants; Chinese,Chinese,4.0,176,1,0.0,0.0,0.2380462838747353,0.0,0.0,0.1190231419373676,0.1190231419373676,0.0,0.1190231419373676,0.0,0.0,0.0595115709686838,0.0,0.2380462838747353,0.1190231419373676,0.0,0.2380462838747353,0.2021923846576745,0.0,False,"{""quiet_study"": [], ""date_night"": [], ""cheap_value"": [""Hong Kong style cafe with milk tea, baked rice, and affordable portions."", ""Good value Chinese cafe downtown with quick service and a casual group-friendly room.""], ""hidden_gem"": [], ""authentic"": [], ""service_speed"": [""Good value Chinese cafe downtown with quick service and a casual group-friendly room.""], ""group_friendly"": [""Good value Chinese cafe downtown with quick service and a casual group-friendly room.""], ""food_quality"": [], ""dessert_drinks"": [""Hong Kong style cafe with milk tea, baked rice, and affordable portions.""], ""late_night"": [], ""comfort_cozy"": [], ""crowding_noise"": [""It is busy but reliable.""], ""study_work_suitability"": [], ""value_satisfaction"": [""Hong Kong style cafe with milk tea, baked rice, and affordable portions."", ""Good value Chinese cafe downtown with quick service and a casual group-friendly room.""], ""service_warmth"": [""Good value Chinese cafe downtown with quick service and a casual group-friendly room.""], ""special_excitement"": []}"
pl_demo_022,Fraser Tea House,49.2407,-123.0902,Cafes; Bubble Tea; Desserts,Chinese,4.3,154,1,0.1785347129060515,0.0,0.0,0.0,0.0,0.0,0.2380462838747353,0.1190231419373676,0.1785347129060515,0.0,0.0595115709686838,0.0,0.0,0.0,0.0,0.0,0.2380462838747353,0.396892959676078,0.0,False,"{""quiet_study"": [""Bubble tea, egg waffles, and sweet desserts in a calm room."", ""The tea is fresh and the seating is spacious enough for a small group.""], ""date_night"": [], ""cheap_value"": [], ""hidden_gem"": [], ""authentic"": [], ""service_speed"": [], ""group_friendly"": [""Good for cafe hopping with friends."", ""The tea is fresh and the seating is spacious enough for a small group.""], ""food_quality"": [""The tea is fresh and the seating is spacious enough for a small group.""], ""dessert_drinks"": [""Bubble tea, egg waffles, and sweet desserts in a calm room."", ""The tea is fresh and the seating is spacious enough for a small group.""], ""late_night"": [], ""comfort_cozy"": [""Bubble tea, egg waffles, and sweet desserts in a calm room.""], ""crowding_noise"": [], ""study_work_suitability"": [], ""value_satisfaction"": [], ""service_warmth"": [], ""special_excitement"": []}"
pl_demo_023,Kitsilano Sushi Counter,49.2682,-123.1717,Restaurants; Sushi; Japanese,Japanese,4.2,139,1,0.1190231419373676,0.0,0.2380462838747353,0.0,0.0,0.1190231419373676,0.0,0.1190231419373676,0.0,0.0,0.0,0.0,0.0,0.2380462838747353,0.1190231419373676,0.0,0.2380462838747353,0.2986572012189213,0.0,False,"{""quiet_study"": [""Quiet at lunch, friendly staff, and good value for a simple Japanese meal.""], ""date_night"": [], ""cheap_value"": [""Neighborhood sushi counter in Kits with fresh rolls and reasonable prices."", ""Quiet at lunch, friendly staff, and good value for a simple Japanese meal.""], ""hidden_gem"": [], ""authentic"": [], ""service_speed"": [""Quiet at lunch, friendly staff, and good value for a simple Japanese meal.""], ""group_friendly"": [], ""food_quality"": [""Neighborhood sushi counter in Kits with fresh rolls and reasonable prices.""], ""dessert_drinks"": [], ""late_night"": [], ""comfort_cozy"": [], ""crowding_noise"": [], ""study_work_suitability"": [], ""value_satisfaction"": [""Neighborhood sushi counter in Kits with fresh rolls and reasonable prices."", ""Quiet at lunch, friendly staff, and good value for a simple Japanese meal.""], ""service_warmth"": [""Quiet at lunch, friendly staff, and good value for a simple Japanese meal.""], ""special_excitement"": []}"
pl_demo_024,Olympic Village Bao Bar,49.2717,-123.1057,Restaurants; Chinese; Fast Food,Chinese,4.4,205,1,0.0,0.0,0.0595115709686838,0.0595115709686838,0.0,0.0595115709686838,0.0,0.0595115709686838,0.0,0.0,0.0,0.0,0.0,0.0595115709686838,0.0595115709686838,0.0,0.2380462838747353,0.5368296955225148,0.0103640071435225,False,"{""quiet_study"": [""It is not crowded before dinner.""], ""date_night"": [], ""cheap_value"": [""Bao bar with quick service, crispy sides, and cheap combo meals near Olympic Village.""], ""hidden_gem"": [""Small hidden gem for Chinese snacks."", ""It is not crowded before dinner.""], ""authentic"": [], ""service_speed"": [""Bao bar with quick service, crispy sides, and cheap combo meals near Olympic Village.""], ""group_friendly"": [], ""food_quality"": [""Bao bar with quick service, crispy sides, and cheap combo meals near Olympic Village.""], ""dessert_drinks"": [], ""late_night"": [], ""comfort_cozy"": [], ""crowding_noise"": [""It is not crowded before dinner.""], ""study_work_suitability"": [], ""value_satisfaction"": [""Bao bar with quick service, crispy sides, and cheap combo meals near Olympic Village.""], ""service_warmth"": [""Bao bar with quick service, crispy sides, and cheap combo meals near Olympic Village.""], ""special_excitement"": []}"
pl_demo_025,Marpole Udon Stop,49.2114,-123.1307,Restaurants; Japanese; Quick Lunch,Japanese,4.0,79,1,0.0,0.0,0.1785347129060515,0.0,0.0,0.2380462838747353,0.0,0.0595115709686838,0.0,0.0,0.0,0.0,0.0,0.0595115709686838,0.1190231419373676,0.0,0.2380462838747353,0.0209036831436107,0.0,False,"{""quiet_study"": [], ""date_night"": [], ""cheap_value"": [""Udon stop with fast service and student-friendly prices."", ""The broth is simple but tasty, and the portions are filling.""], ""hidden_gem"": [], ""authentic"": [], ""service_speed"": [""Udon stop with fast service and student-friendly prices."", ""Good for a quick lunch in Marpole.""], ""group_friendly"": [], ""food_quality"": [""The broth is simple but tasty, and the portions are filling.""], ""dessert_drinks"": [], ""late_night"": [], ""comfort_cozy"": [], ""crowding_noise"": [], ""study_work_suitability"": [], ""value_satisfaction"": [""The broth is simple but tasty, and the portions are filling.""], ""service_warmth"": [""Udon stop with fast service and student-friendly prices.""], ""special_excitement"": []}"
pl_demo_026,Downtown Hot Pot Social,49.2809,-123.1181,Restaurants; Chinese; Group Dining,Chinese,4.3,242,1,0.0,0.0,0.0,0.0,0.0,0.0,0.1785347129060515,0.0,0.0,0.0,0.0,0.0,0.0,0.0,0.0,0.0,0.2380462838747353,0.4995394964485691,0.0,False,"{""quiet_study"": [], ""date_night"": [], ""cheap_value"": [], ""hidden_gem"": [], ""authentic"": [], ""service_speed"": [""It is loud but fun and the service is attentive.""], ""group_friendly"": [""Hot pot place with reservations, big tables, and sharing plates for groups."", ""Good for group dinner downtown.""], ""food_quality"": [], ""dessert_drinks"": [], ""late_night"": [], ""comfort_cozy"": [], ""crowding_noise"": [""It is loud but fun and the service is attentive.""], ""study_work_suitability"": [], ""value_satisfaction"": [], ""service_warmth"": [""It is loud but fun and the service is attentive.""], ""special_excitement"": [""It is loud but fun and the service is attentive.""]}"
pl_demo_027,East Van Vegan Cafe,49.2641,-123.0712,Cafes; Vegan; Coffee & Tea,Vegan,4.5,112,1,0.1190231419373676,0.0,0.0,0.0,0.0,0.0,0.0,0.1190231419373676,0.1190231419373676,0.0,0.1190231419373676,0.0,0.1190231419373676,0.0,0.0,0.0,0.2380462838747353,0.4747454657000732,0.0,False,"{""quiet_study"": [""Peaceful vegan cafe with outlets, wifi, and quiet seating for laptop work."", ""The space feels calm and not crowded.""], ""date_night"": [], ""cheap_value"": [], ""hidden_gem"": [""The space feels calm and not crowded.""], ""authentic"": [], ""service_speed"": [], ""group_friendly"": [], ""food_quality"": [""Fresh plant-based bowls and good coffee.""], ""dessert_drinks"": [""Fresh plant-based bowls and good coffee.""], ""late_night"": [], ""comfort_cozy"": [""Peaceful vegan cafe with outlets, wifi, and quiet seating for laptop work."", ""The space feels calm and not crowded.""], ""crowding_noise"": [""The space feels calm and not crowded.""], ""study_work_suitability"": [""Peaceful vegan cafe with outlets, wifi, and quiet seating for laptop work.""], ""value_satisfaction"": [], ""service_warmth"": [], ""special_excitement"": []}"
pl_demo_028,South Granville Dessert Bar,49.2575,-123.1386,Desserts; Cafes,Korean,4.4,133,1,0.0,0.1785347129060515,0.0,0.0,0.0,0.0,0.0,0.1190231419373676,0.1785347129060515,0.0,0.1190231419373676,0.0,0.0,0.0,0.0,0.1190231419373676,0.2380462838747353,0.4386575920831965,0.0,False,"{""quiet_study"": [], ""date_night"": [""Dessert bar with matcha cake, sweet pastries, and a cute date-night atmosphere."", ""Cozy lighting, good tea, and rich dessert plates make it a fun cafe hopping stop.""], ""cheap_value"": [], ""hidden_gem"": [], ""authentic"": [], ""service_speed"": [], ""group_friendly"": [], ""food_quality"": [""Cozy lighting, good tea, and rich dessert plates make it a fun cafe hopping stop.""], ""dessert_drinks"": [""Dessert bar with matcha cake, sweet pastries, and a cute date-night atmosphere."", ""Cozy lighting, good tea, and rich dessert plates make it a fun cafe hopping stop.""], ""late_night"": [], ""comfort_cozy"": [""Cozy lighting, good tea, and rich dessert plates make it a fun cafe hopping stop.""], ""crowding_noise"": [], ""study_work_suitability"": [], ""value_satisfaction"": [], ""service_warmth"": [], ""special_excitement"": [""Cozy lighting, good tea, and rich dessert plates make it a fun cafe hopping stop.""]}"
